Lang1;Lang2;total_repos;repos_with_difficulty;avg_difficulty_density;avg_artifacts_analyzed;difficulty_rate;true_total_available;rarity_score
Curry;Haskell;2;0;0.0;1.5;0.0;19756;0.9933
Erlang;C;18;9;0.019944444444444445;1037.2777777777778;0.5;238240;0.94
Haskell;Erlang;3;1;0.0101;88.66666666666667;0.3333333333333333;26257;0.99
Haskell;Java;4;3;0.023375;728.75;0.75;437396;0.9867
OCaml;Erlang;3;2;0.026833333333333334;466.3333333333333;0.6666666666666666;14067;0.99
Prolog;Curry;3;0;0.0;1.6666666666666667;0.0;1480;0.99
Prolog;Java;5;1;0.0013599999999999999;64.0;0.2;419120;0.9833
