Lang1;Lang2;total_repos;repos_with_difficulty;avg_difficulty_density;avg_artifacts_analyzed;difficulty_rate;true_total_available;rarity_score
E;C;1;1;0.0479;3191.0;1.0;231854;0.9967
Erlang;C;13;13;0.10453076923076923;1696.076923076923;1.0;238336;0.9567
Haskell;Erlang;1;1;0.1039;231.0;1.0;26260;0.9967
Haskell;Java;3;3;0.14213333333333333;973.3333333333334;1.0;437513;0.99
OCaml;Erlang;2;2;0.12329999999999999;683.0;1.0;14067;0.9933
Prolog;Java;2;2;0.09415;155.5;1.0;419233;0.9933
